{
  "Purpose":"Lens Profile",
  "Version":"5.74.1",
  "TOOLS_RegID":"GroupOperator",
  "Params":{
    "a":0,
    "b":0,
    "Center1":[0.24817578960232,0.49259476996491,0],
    "Camera":"Canon R5C",
    "Anaglyph":0,
    "Lens":"Canon RF 5.2mm Dual Fisheye",
    "ViewMode":5,
    "Vibrance2":1,
    "FieldOfView":190,
    "Convergence":0,
    "CircularMaskDiameter":1,
    "CircularMaskSoftness":0,
    "Exposure1":0,
    "Gamma1":1,
    "Saturation1":1,
    "Vibrance1":1,
    "cx":0,
    "cy":0,
    "XShift":-0.036,
    "YShift":-0.00066,
    "STMapWidth":4131,
    "STMapHeight":2262,
    "Width1":0.48690031097816,
    "Height1":0.95534948241505,
    "Angle1":0,
    "Center2":[0.74950117861207,0.50402566424166,0],
    "Width2":0.49581892859238,
    "Height2":0.95499900039985,
    "Angle2":0,
    "c":0,
    "Saturation2":1,
    "Gamma2":1,
    "Exposure2":0
  },
  "Export":"kvrFisheyeStereo",
  "Name":"kvrFisheyeStereo_2"
}